dose_krad_si,label,source_node,cut_y_um,samples,x_min_um,x_max_um,peak_electric_field_v_per_cm,peak_x_um,relative_to_0K_pct
0,0K,3,-6.0,306,-1.29999995232,1.29999995232,965438.397873,0.803238391876,0.0
10,10K,5,-6.0,306,-1.29999995232,1.29999995232,965769.964247,0.803238391876,0.034343607497944184
20,20K,6,-6.0,306,-1.29999995232,1.29999995232,965844.432912,0.803238391876,0.04205706339157622
30,30K,13,-6.0,306,-1.29999995232,1.29999995232,965914.478601,0.803238391876,0.049312387931621515
40,40K,77,-6.0,306,-1.29999995232,1.29999995232,966889.705043,0.803238391876,0.15032623243467214
50,50K,80,-6.0,306,-1.29999995232,1.29999995232,967148.92111,0.803238391876,0.17717580332090588
60,60K,83,-6.0,306,-1.29999995232,1.29999995232,967142.677785,0.803238391876,0.17652912042391833
