dose_krad_si,source_node,vth_tangent_v,gm_max_s,ss_mv_dec,points,vgs_min_v,vgs_max_v,exp_vth_tangent_v_mean,exp_vth_tangent_v_std,exp_gm_max_s_mean,exp_gm_max_s_std,exp_ss_mv_dec_mean,exp_ss_mv_dec_std,experiment_devices,vth_difference_v,gm_difference_s,ss_difference_mv_dec
0,3,1.0904840995948577,0.07091399457507143,,52,-1.93,5.0,2.029159435254506,0.018717049760078108,0.12512070154998,0.0036020622367905065,188.30308157549874,0.9871750813203782,3,-0.9386753356596484,-0.05420670697490858,
10,5,0.46375912949230935,0.06843563375398506,,51,-1.93,5.0,0.9353969032774136,0.010491552081658107,0.090412824899875,0.0038018935949789435,190.5644609174467,1.6353181156527994,3,-0.4716377737851043,-0.021977191145889932,
20,6,-0.05192050340067178,0.06741420889001752,285.33674417056943,52,-1.93,5.0,-0.10523487017803977,0.010144688062302815,0.07767844334957437,0.0019236563048715984,207.62754856107213,5.839500919388633,3,0.05331436677736799,-0.010264234459556848,77.7091956094973
30,13,-0.44550655048354965,0.06388547512898503,,52,-1.93,5.0,-1.1279944779463331,0.018976366812754133,0.0697477835999305,0.0011889047923126798,212.8198991602337,9.244820135998644,3,0.6824879274627835,-0.005862308470945474,
40,77,1.118740556490788,0.05279160279275389,,52,-1.93,5.0,-2.127611493958096,0.023473514869004737,0.06455463497968272,0.0006070356210930399,238.337626924363,7.622593089977532,3,3.246352050448884,-0.011763032186928833,
50,80,0.47346189844382836,0.052539540274190256,,52,-1.93,5.0,-3.103464780039562,0.03210874222859868,0.060295040014870564,0.0008527365797792514,269.93188608933883,8.166516635864642,3,3.5769266784833906,-0.007755499740680308,
60,83,-0.05134532331016728,0.05273688583360324,,52,-1.93,5.0,-4.0661774384674265,0.034526720225665664,0.05681956152505279,0.0012994033671361047,294.5172094995665,9.883794394275828,3,4.014832115157259,-0.004082675691449551,
